file,function,start_line,end_line
"hagiang_travel/app/Http/Controllers/Admin/AdminController.php","dashboard",14,30
"hagiang_travel/app/Http/Controllers/Admin/BookingAdminController.php","index",11,21
"hagiang_travel/app/Http/Controllers/Admin/BookingAdminController.php","show",23,27
"hagiang_travel/app/Http/Controllers/Admin/BookingAdminController.php","confirm",29,33
"hagiang_travel/app/Http/Controllers/Admin/BookingAdminController.php","cancel",35,39
"hagiang_travel/app/Http/Controllers/Admin/BookingAdminController.php","destroy",41,45
"hagiang_travel/app/Http/Controllers/Admin/DestinationAdminController.php","index",12,16
"hagiang_travel/app/Http/Controllers/Admin/DestinationAdminController.php","create",18,21
"hagiang_travel/app/Http/Controllers/Admin/DestinationAdminController.php","store",23,42
"hagiang_travel/app/Http/Controllers/Admin/DestinationAdminController.php","edit",44,47
"hagiang_travel/app/Http/Controllers/Admin/DestinationAdminController.php","update",49,71
"hagiang_travel/app/Http/Controllers/Admin/DestinationAdminController.php","destroy",73,80
"hagiang_travel/app/Http/Controllers/Admin/HouseholdAdminController.php","index",13,17
"hagiang_travel/app/Http/Controllers/Admin/HouseholdAdminController.php","create",19,23
"hagiang_travel/app/Http/Controllers/Admin/HouseholdAdminController.php","store",25,44
"hagiang_travel/app/Http/Controllers/Admin/HouseholdAdminController.php","edit",46,50
"hagiang_travel/app/Http/Controllers/Admin/HouseholdAdminController.php","update",52,74
"hagiang_travel/app/Http/Controllers/Admin/HouseholdAdminController.php","destroy",76,83
"hagiang_travel/app/Http/Controllers/Admin/ServiceAdminController.php","index",13,17
"hagiang_travel/app/Http/Controllers/Admin/ServiceAdminController.php","create",19,23
"hagiang_travel/app/Http/Controllers/Admin/ServiceAdminController.php","store",25,44
"hagiang_travel/app/Http/Controllers/Admin/ServiceAdminController.php","edit",46,50
"hagiang_travel/app/Http/Controllers/Admin/ServiceAdminController.php","update",52,74
"hagiang_travel/app/Http/Controllers/Admin/ServiceAdminController.php","destroy",76,83
"hagiang_travel/app/Http/Controllers/AuthController.php","showRegister",12,15
"hagiang_travel/app/Http/Controllers/AuthController.php","register",17,40
"hagiang_travel/app/Http/Controllers/AuthController.php","showLogin",42,45
"hagiang_travel/app/Http/Controllers/AuthController.php","login",47,66
"hagiang_travel/app/Http/Controllers/AuthController.php","logout",68,74
"hagiang_travel/app/Http/Controllers/BookingController.php","store",12,42
"hagiang_travel/app/Http/Controllers/BookingController.php","history",45,49
"hagiang_travel/app/Http/Controllers/DestinationController.php","index",11,29
"hagiang_travel/app/Http/Controllers/DestinationController.php","show",32,36
"hagiang_travel/app/Http/Controllers/DestinationController.php","tourList",39,53
"hagiang_travel/app/Http/Middleware/AdminMiddleware.php","handle",11,17
"hagiang_travel/app/Models/Booking.php","user",11,14
"hagiang_travel/app/Models/Booking.php","getStatusNameAttribute",16,24
"hagiang_travel/app/Models/Booking.php","getStatusBadgeAttribute",26,34
"hagiang_travel/app/Models/Destination.php","households",12,15
"hagiang_travel/app/Models/Destination.php","services",17,20
"hagiang_travel/app/Models/Destination.php","typeList",25,34
"hagiang_travel/app/Models/Destination.php","getTypeNameAttribute",36,39
"hagiang_travel/app/Models/Destination.php","getTypeBadgeColorAttribute",41,51
"hagiang_travel/app/Models/Destination.php","getTypeIconAttribute",53,63
"hagiang_travel/app/Models/Household.php","destination",12,15
"hagiang_travel/app/Models/Service.php","destination",12,15
"hagiang_travel/app/Models/Service.php","getTypeNameAttribute",19,28
"hagiang_travel/app/Models/Traits/HasImageUrl.php","getImageUrlAttribute",7,18
"hagiang_travel/app/Models/User.php","casts",17,23
"hagiang_travel/app/Models/User.php","isAdmin",25,28
"hagiang_travel/app/Models/User.php","bookings",30,33
"hagiang_travel/app/Providers/AppServiceProvider.php","register",12,15
"hagiang_travel/app/Providers/AppServiceProvider.php","boot",20,23
"hagiang_travel/database/factories/UserFactory.php","definition",25,34
"hagiang_travel/database/factories/UserFactory.php","unverified",39,44
"hagiang_travel/database/migrations/2026_05_18_000000_create_users_table.php","up",9,21
"hagiang_travel/database/migrations/2026_05_18_000000_create_users_table.php","down",23,26
"hagiang_travel/database/migrations/2026_05_18_162415_create_destinations_table.php","up",9,22
"hagiang_travel/database/migrations/2026_05_18_162415_create_destinations_table.php","down",24,27
"hagiang_travel/database/migrations/2026_05_18_162424_create_households_table.php","up",9,22
"hagiang_travel/database/migrations/2026_05_18_162424_create_households_table.php","down",24,27
"hagiang_travel/database/migrations/2026_05_18_162432_create_services_table.php","up",9,22
"hagiang_travel/database/migrations/2026_05_18_162432_create_services_table.php","down",24,27
"hagiang_travel/database/migrations/2026_05_18_162441_create_bookings_table.php","up",9,23
"hagiang_travel/database/migrations/2026_05_18_162441_create_bookings_table.php","down",25,28
"hagiang_travel/database/seeders/DatabaseSeeder.php","run",14,235
"hagiang_travel/database/seeders/DatabaseSeeder.php","foreach",161,234
"hagiang_travel/resources/views/destination/show.blade.php","openTourModal",138,148
"hagiang_travel/resources/views/destination/show.blade.php","generateMemberInputs",149,162
"hagiang_travel/resources/views/tour.blade.php","openTourModal",271,281
"hagiang_travel/resources/views/tour.blade.php","generateMemberInputs",282,295
"hagiang_travel/resources/views/tour.blade.php","calculateTotal",296,304
"hagiang_travel/storage/framework/views/029df828db3ceb44fffa3f8b995b909a.php","copyToClipboard",40,48
"hagiang_travel/storage/framework/views/17a1c11d5f92aaa1901a41d8eaaa7711.php","copyToClipboard",34,42
"hagiang_travel/storage/framework/views/31da81549703030e3ae9265c7e296e03.php","copyToClipboard",40,48
"hagiang_travel/storage/framework/views/3fcbdc9fb39e2ffda994750aefc4565d.php","goToPage",47,51
"hagiang_travel/storage/framework/views/3fcbdc9fb39e2ffda994750aefc4565d.php","first",52,54
"hagiang_travel/storage/framework/views/3fcbdc9fb39e2ffda994750aefc4565d.php","last",55,57
"hagiang_travel/storage/framework/views/3fcbdc9fb39e2ffda994750aefc4565d.php","previous",58,62
"hagiang_travel/storage/framework/views/3fcbdc9fb39e2ffda994750aefc4565d.php","next",63,67
"hagiang_travel/storage/framework/views/4d0c43961a90426ebd92dbc193ef7a4e.php","goToPage",47,51
"hagiang_travel/storage/framework/views/4d0c43961a90426ebd92dbc193ef7a4e.php","first",52,54
"hagiang_travel/storage/framework/views/4d0c43961a90426ebd92dbc193ef7a4e.php","last",55,57
"hagiang_travel/storage/framework/views/4d0c43961a90426ebd92dbc193ef7a4e.php","previous",58,62
"hagiang_travel/storage/framework/views/4d0c43961a90426ebd92dbc193ef7a4e.php","next",63,67
"hagiang_travel/storage/framework/views/5924a0c758233ea6b5bc0f501ce4c07c.php","openTourModal",274,284
"hagiang_travel/storage/framework/views/5924a0c758233ea6b5bc0f501ce4c07c.php","generateMemberInputs",285,298
"hagiang_travel/storage/framework/views/5924a0c758233ea6b5bc0f501ce4c07c.php","calculateTotal",299,307
"hagiang_travel/storage/framework/views/6432668b4d05e60e3d995097e11f0410.php","openTourModal",274,284
"hagiang_travel/storage/framework/views/6432668b4d05e60e3d995097e11f0410.php","generateMemberInputs",285,298
"hagiang_travel/storage/framework/views/6432668b4d05e60e3d995097e11f0410.php","calculateTotal",299,307
"hagiang_travel/storage/framework/views/6ef339d5f05b0fe731689cfa5591a368.php","foreach",51,67
"hagiang_travel/storage/framework/views/89baa41faa7887a79b20fd51a843c1b4.php","copyToClipboard",34,42
"hagiang_travel/storage/framework/views/a349246d83ee5baf2bc009918ab671f7.php","openTourModal",138,148
"hagiang_travel/storage/framework/views/a349246d83ee5baf2bc009918ab671f7.php","generateMemberInputs",149,162
"hagiang_travel/storage/framework/views/a4fb537f659563bf00ef43280ec5dd0c.php","foreach",51,67
"hagiang_travel/tests/Feature/ExampleTest.php","test_the_application_returns_a_successful_response",13,18
"hagiang_travel/tests/Unit/ExampleTest.php","test_that_true_is_true",12,15